,,length,,exponent,,,,std,ini pos
RR_ltdb-14046_60000_Cut_[0;0].csv_SkipFirst,12.2,60000,30000,-0.480459524,0.7304039,-3.433972761,0.051462834,0.062249514,0
RR_ltdb-14046_60000_Cut_[0;1].csv_SkipFirst,12.2,60000,30000,-0.520046427,0.7327619,-3.404530279,0.060431118,0.061883511,2000
RR_ltdb-14046_60000_Cut_[0;2].csv_SkipFirst,12.2,60000,30000,-0.597922011,0.732770367,-3.541678123,0.080056034,0.061168386,4000
RR_ltdb-14046_60000_Cut_[0;3].csv_SkipFirst,12.2,60000,30000,-0.605997162,0.731368067,-3.572556822,0.084146058,0.060334489,6000
RR_ltdb-14046_60000_Cut_[0;4].csv_SkipFirst,12.1,60000,30000,-0.621408501,0.727882183,-3.717441949,0.070507012,0.068089936,8000
RR_ltdb-14046_60000_Cut_[0;5].csv_SkipFirst,12.2,60000,30000,-0.697339453,0.72903495,-3.800414847,0.098936208,0.06351016,10000
RR_ltdb-14046_60000_Cut_[0;6].csv_SkipFirst,12.2,60000,30000,-0.667374013,0.731305533,-3.807221814,0.092061064,0.063249697,12000
RR_ltdb-14046_60000_Cut_[0;7].csv_SkipFirst,12.2,60000,30000,-0.673074922,0.731372767,-3.836897102,0.094803015,0.062765749,14000
