FileName,Hours(Roughly),Full Length, Half Length,Slope,Period AVG,Intercept,R^2,Std_Deviation,
0816_DEP_on_Plat_Can.csv_FullRange,22.5,95678,47839,-0.63161553345,0.845861047932,-12.8182192492,0.0802003456007,0.0510736044639,
0817_DEP_on_Plat_Can.csv_FullRange,24.0,102044,51022,-0.15200219064,0.846011942113,-11.9677164376,0.00528367532388,0.0482292607299,
0818_DEP_on_Plat_Can.csv_FullRange,24.0,122494,61247,-1.96926038381,0.705065861054,-16.5046105643,0.759835534249,0.0233662784003,