FileName,Hours(Roughly),Full Length, Half Length,Slope,Period AVG,Intercept,R^2,Std_Deviation,
0515_DMM_on_Table_1.csv_FullRange,0.2,999,499,-2.90687941305,0.5802497736,-13.0762349356,0.928070991733,0.202315176346,
0515_DMM_on_Table_2.csv_FullRange,0.2,999,499,-2.27908012211,0.579872253218,-11.2521696568,0.682330764761,0.388767278286,
0515_DMM_on_Table_3.csv_FullRange,0.2,999,499,-2.40077125918,0.579795214727,-11.9664060623,0.703603323014,0.389550275802,
0515_DMM_on_Table_4.csv_FullRange,0.2,999,499,-2.15552140296,0.579827813916,-11.8206330291,0.490629451893,0.549075993331,
0515_DMM_on_Table_5.csv_FullRange,0.2,999,499,-2.5323343547,0.580100735658,-12.5917010054,0.712507634855,0.402142017319,