FileName,Hours(Roughly),Full Length, Half Length,Slope,Period AVG,Intercept,R^2,Std_Deviation,
0424_TMM_on_Platform.csv_FullRange,0.1,533,266,-1.04430694539,0.560015741107,-8.416021037,0.500760935413,0.368656785782,
0425_TMM_on_Plat_1.csv_FullRange,0.1,532,266,-1.98648055511,0.560925869094,-9.05200426046,0.542186292762,0.645371010931,
0425_TMM_on_Plat_2.csv_FullRange,0.1,534,267,-0.860254629338,0.55938096089,-8.41348985498,0.703904864942,0.197260748828,
0425_TMM_on_Plat_3.csv_FullRange,0.1,534,267,-0.860254629338,0.55938096089,-8.41348985498,0.703904864942,0.197260748828,