FileName,Hours(Roughly),Full Length, Half Length,Slope,Period AVG,Intercept,R^2,Std_Deviation,
0712_SEP_on_Plat.csv_FullRange,24.0,101447,50723,-1.2311241387,0.850901052185,-14.0664379329,0.27189707619,0.0467257488702,
0712~0714_SEP_on_Plat_Full.csv_FullRange,71.9,304193,152096,-1.1906166879,0.851339956672,-14.5489213774,0.258190378074,0.0270166234845,
0713_SEP_on_Plat.csv_FullRange,24.0,101378,50689,-1.13230735286,0.851534779863,-13.9849532391,0.229710577732,0.0481036402241,
0714_SEP_on_Plat.csv_FullRange,24.0,101370,50685,-1.07909462025,0.85158433938,-13.9828965781,0.222067213506,0.0468560299675,
0724_SEP_on_Plat.csv_FullRange,23.5,99278,49639,-0.838994659101,0.851673386057,-13.4508193618,0.147223998104,0.0473316542703,