FileName,Hours(Roughly),Full Length, Half Length,Slope,Period AVG,Intercept,R^2,Std_Deviation,
0813_SEP_on_Table.csv_FullRange,24.0,99517,49758,-0.992512642858,0.867481679271,-13.7860956186,0.190356840339,0.0479276585323,
0814_SEP_on_Table.csv_FullRange,24.0,99498,49749,-1.37570200652,0.86757238453,-14.3755263256,0.305432961156,0.0485881283365,
0814~0815_SEP_on_Table.csv_FullRange,48.0,199005,99502,-1.38496948382,0.8675509669,-14.7370295195,0.31550295144,0.0337658625989,
0815_SEP_on_Table.csv_FullRange,24.0,99508,49754,-1.49241266634,0.867529552106,-14.6838167251,0.339591478758,0.0487309021402,