FileName,Hours(Roughly),Full Length, Half Length,Slope,Period AVG,Intercept,R^2,Std_Deviation,
0704_DEP_on_Plat.csv_FullRange,24.5,105114,52557,-0.427508148171,0.83837241846,-12.850703665,0.038928447046,0.0483891352672,
0705_DEP_on_Plat.csv_FullRange,24.0,102953,51476,-0.42326300953,0.838482142288,-12.7903904451,0.038220145152,0.0488653476269,
0706_DEP_on_Plat.csv_FullRange,21.0,90023,45011,-0.55572351847,0.839107796774,-13.0715212673,0.0712564654079,0.0493915401096,
0811_DEP_on_Plat.csv_FullRange,24.0,102423,51211,-0.565617568167,0.842853404567,-12.934747255,0.0685447381386,0.0481137309903,