FileName,Hours(Roughly),Full Length, Half Length,Slope,Period AVG,Intercept,R^2,Std_Deviation,
0506_DMM_on_Plat_over10_selfstop_208_1.csv_FullRange,0.3,2099,1049,-2.35900548997,0.560305274402,-10.9233868426,0.644045928563,0.292291552522,
0506_DMM_on_Plat_over10_selfstop_208_2.csv_FullRange,0.3,2106,1053,-2.65018041133,0.553147362768,-11.3346605203,0.771005583594,0.237442394051,
0507_DMM_on_Plat_over10_selfstop_208_3.csv_FullRange,0.3,2046,1023,-0.436168781331,0.559345396028,-7.59675360015,0.45780837144,0.0802333811936,
0507_DMM_on_Plat_over10_selfstop_208_4.csv_FullRange,0.3,2037,1018,-2.21138211234,0.559486061164,-11.3461566758,0.756408168073,0.21212068745,
0507_DMM_on_Plat_over10_selfstop_208_5.csv_FullRange,0.3,2098,1049,-2.45609423725,0.556933846935,-11.5889746266,0.866472585148,0.160694711045,