FileName,Hours(Roughly),Full Length, Half Length,Slope,Period AVG,Intercept,R^2,Std_Deviation,
0425_TMM_on_Table_208.csv_FullRange,0.2,1031,515,-1.5459077146,0.580053269304,-9.81073186887,0.855879383203,0.153856510145,
0425_TMM_on_Table_208_2.csv_FullRange,0.2,1032,516,-2.20437951348,0.579940849737,-11.1365869395,0.643980029434,0.397523571593,
0425_TMM_on_Table_208_3.csv_FullRange,0.2,1033,516,-2.79887337455,0.579740930264,-12.748241924,0.698488543184,0.445996094868,